INSERT INTO CATEGORIA(CATEGORIA_ID, CATEGORIA_NOMBRE) VALUES (1, 'Bancos');
INSERT INTO CATEGORIA(CATEGORIA_ID, CATEGORIA_NOMBRE) VALUES (2, 'Farmacias');
INSERT INTO CATEGORIA(CATEGORIA_ID, CATEGORIA_NOMBRE) VALUES (3, 'Hoteles');
INSERT INTO CATEGORIA(CATEGORIA_ID, CATEGORIA_NOMBRE) VALUES (4, 'Restaurantes');
INSERT INTO CATEGORIA(CATEGORIA_ID, CATEGORIA_NOMBRE) VALUES (5, 'Gasolineras');

INSERT INTO REGION(REGION_ID, REGION_NOMBRE) VALUES (1, 'Norte');
INSERT INTO REGION(REGION_ID, REGION_NOMBRE) VALUES (2, 'Centro');
INSERT INTO REGION(REGION_ID, REGION_NOMBRE) VALUES (3, 'Sur');
INSERT INTO REGION(REGION_ID, REGION_NOMBRE) VALUES (4, 'Oriente');
INSERT INTO REGION(REGION_ID, REGION_NOMBRE) VALUES (5, 'Occidente');

INSERT INTO DEPARTAMENTO(DEPARTAMENTO_ID, REGION_ID, DEPARTAMENTO_NOMBRE) VALUES (1, 2, 'Guatemala');
INSERT INTO DEPARTAMENTO(DEPARTAMENTO_ID, REGION_ID, DEPARTAMENTO_NOMBRE) VALUES (3, 2, 'Sacatepéquez');
INSERT INTO DEPARTAMENTO(DEPARTAMENTO_ID, REGION_ID, DEPARTAMENTO_NOMBRE) VALUES (2, 2, 'Chimaltenango');
INSERT INTO DEPARTAMENTO(DEPARTAMENTO_ID, REGION_ID, DEPARTAMENTO_NOMBRE) VALUES (4, 3, 'Escuintla');
INSERT INTO DEPARTAMENTO(DEPARTAMENTO_ID, REGION_ID, DEPARTAMENTO_NOMBRE) VALUES (5, 1, 'Peten');
INSERT INTO DEPARTAMENTO(DEPARTAMENTO_ID, REGION_ID, DEPARTAMENTO_NOMBRE) VALUES (6, 4, 'Alta Verapaz');
INSERT INTO DEPARTAMENTO(DEPARTAMENTO_ID, REGION_ID, DEPARTAMENTO_NOMBRE) VALUES (7, 4, 'Baja Verapaz');
INSERT INTO DEPARTAMENTO(DEPARTAMENTO_ID, REGION_ID, DEPARTAMENTO_NOMBRE) VALUES (8, 4, 'Chiquimula');
INSERT INTO DEPARTAMENTO(DEPARTAMENTO_ID, REGION_ID, DEPARTAMENTO_NOMBRE) VALUES (9, 4, 'El Progreso');
INSERT INTO DEPARTAMENTO(DEPARTAMENTO_ID, REGION_ID, DEPARTAMENTO_NOMBRE) VALUES (10, 4, 'Izabal');
INSERT INTO DEPARTAMENTO(DEPARTAMENTO_ID, REGION_ID, DEPARTAMENTO_NOMBRE) VALUES (11, 4, 'Zacapa');
INSERT INTO DEPARTAMENTO(DEPARTAMENTO_ID, REGION_ID, DEPARTAMENTO_NOMBRE) VALUES (12, 4, 'Jutiapa');
INSERT INTO DEPARTAMENTO(DEPARTAMENTO_ID, REGION_ID, DEPARTAMENTO_NOMBRE) VALUES (13, 4, 'Jalapa');
INSERT INTO DEPARTAMENTO(DEPARTAMENTO_ID, REGION_ID, DEPARTAMENTO_NOMBRE) VALUES (14, 3, 'Santa Rosa');
INSERT INTO DEPARTAMENTO(DEPARTAMENTO_ID, REGION_ID, DEPARTAMENTO_NOMBRE) VALUES (15, 5, 'Quetzaltenango');
INSERT INTO DEPARTAMENTO(DEPARTAMENTO_ID, REGION_ID, DEPARTAMENTO_NOMBRE) VALUES (16, 3, 'Retalhuleu');
INSERT INTO DEPARTAMENTO(DEPARTAMENTO_ID, REGION_ID, DEPARTAMENTO_NOMBRE) VALUES (17, 5, 'San Marcos');
INSERT INTO DEPARTAMENTO(DEPARTAMENTO_ID, REGION_ID, DEPARTAMENTO_NOMBRE) VALUES (18, 3, 'Suchitepéquez');
INSERT INTO DEPARTAMENTO(DEPARTAMENTO_ID, REGION_ID, DEPARTAMENTO_NOMBRE) VALUES (19, 5, 'Sololá');
INSERT INTO DEPARTAMENTO(DEPARTAMENTO_ID, REGION_ID, DEPARTAMENTO_NOMBRE) VALUES (20, 5, 'Totonicapán');
INSERT INTO DEPARTAMENTO(DEPARTAMENTO_ID, REGION_ID, DEPARTAMENTO_NOMBRE) VALUES (21, 5, 'Huehuetenango');
INSERT INTO DEPARTAMENTO(DEPARTAMENTO_ID, REGION_ID, DEPARTAMENTO_NOMBRE) VALUES (22, 5, 'Quiché');

INSERT INTO MUNICIPIO(MUNICIPIO_ID, DEPARTAMENTO_ID, MUNICIPIO_NOMBRE) VALUES (1, 1, 'Amatitlán');
INSERT INTO MUNICIPIO(MUNICIPIO_ID, DEPARTAMENTO_ID, MUNICIPIO_NOMBRE) VALUES (2, 1, 'Chinautla');
INSERT INTO MUNICIPIO(MUNICIPIO_ID, DEPARTAMENTO_ID, MUNICIPIO_NOMBRE) VALUES (3, 1, 'Chuarrancho');
INSERT INTO MUNICIPIO(MUNICIPIO_ID, DEPARTAMENTO_ID, MUNICIPIO_NOMBRE) VALUES (4, 1, 'Guatemala');
INSERT INTO MUNICIPIO(MUNICIPIO_ID, DEPARTAMENTO_ID, MUNICIPIO_NOMBRE) VALUES (5, 1, 'Fraijanes');
INSERT INTO MUNICIPIO(MUNICIPIO_ID, DEPARTAMENTO_ID, MUNICIPIO_NOMBRE) VALUES (6, 1, 'Mixco');
INSERT INTO MUNICIPIO(MUNICIPIO_ID, DEPARTAMENTO_ID, MUNICIPIO_NOMBRE) VALUES (7, 1, 'Palencia');
INSERT INTO MUNICIPIO(MUNICIPIO_ID, DEPARTAMENTO_ID, MUNICIPIO_NOMBRE) VALUES (8, 1, 'San José del Golfo');
INSERT INTO MUNICIPIO(MUNICIPIO_ID, DEPARTAMENTO_ID, MUNICIPIO_NOMBRE) VALUES (9, 1, 'San José Pinula');
INSERT INTO MUNICIPIO(MUNICIPIO_ID, DEPARTAMENTO_ID, MUNICIPIO_NOMBRE) VALUES (10, 1, 'San Juan Sacatepéquez');
INSERT INTO MUNICIPIO(MUNICIPIO_ID, DEPARTAMENTO_ID, MUNICIPIO_NOMBRE) VALUES (11, 1, 'San Miguel Petapa');
INSERT INTO MUNICIPIO(MUNICIPIO_ID, DEPARTAMENTO_ID, MUNICIPIO_NOMBRE) VALUES (12, 1, 'San Pedro Ayampuc');
INSERT INTO MUNICIPIO(MUNICIPIO_ID, DEPARTAMENTO_ID, MUNICIPIO_NOMBRE) VALUES (13, 1, 'San Pedro Sacatepéquez');
INSERT INTO MUNICIPIO(MUNICIPIO_ID, DEPARTAMENTO_ID, MUNICIPIO_NOMBRE) VALUES (14, 1, 'San Raymundo');
INSERT INTO MUNICIPIO(MUNICIPIO_ID, DEPARTAMENTO_ID, MUNICIPIO_NOMBRE) VALUES (15, 1, 'Santa Catarina Pinula');
INSERT INTO MUNICIPIO(MUNICIPIO_ID, DEPARTAMENTO_ID, MUNICIPIO_NOMBRE) VALUES (16, 1, 'Villa Canales');
INSERT INTO MUNICIPIO(MUNICIPIO_ID, DEPARTAMENTO_ID, MUNICIPIO_NOMBRE) VALUES (17, 1, 'Villa Nueva');

INSERT INTO COMERCIO(COMERCIO_ID, CATEGORIA_ID, COMERCIO_NOMBRE) VALUES (1, 1, 'Banco Industrial');
INSERT INTO COMERCIO(COMERCIO_ID, CATEGORIA_ID, COMERCIO_NOMBRE) VALUES (2, 1, 'G&T Continental');
INSERT INTO COMERCIO(COMERCIO_ID, CATEGORIA_ID, COMERCIO_NOMBRE) VALUES (3, 1, 'Banrural');
INSERT INTO COMERCIO(COMERCIO_ID, CATEGORIA_ID, COMERCIO_NOMBRE) VALUES (4, 1, 'Promerica');
INSERT INTO COMERCIO(COMERCIO_ID, CATEGORIA_ID, COMERCIO_NOMBRE) VALUES (5, 1, 'BAC Credomatic');
INSERT INTO COMERCIO(COMERCIO_ID, CATEGORIA_ID, COMERCIO_NOMBRE) VALUES (6, 2, 'Carolina & H');
INSERT INTO COMERCIO(COMERCIO_ID, CATEGORIA_ID, COMERCIO_NOMBRE) VALUES (7, 2, 'La comunidad');
INSERT INTO COMERCIO(COMERCIO_ID, CATEGORIA_ID, COMERCIO_NOMBRE) VALUES (8, 2, 'Cruz verde');
INSERT INTO COMERCIO(COMERCIO_ID, CATEGORIA_ID, COMERCIO_NOMBRE) VALUES (9, 2, 'Galeno');
INSERT INTO COMERCIO(COMERCIO_ID, CATEGORIA_ID, COMERCIO_NOMBRE) VALUES (10, 3, 'Hilton Princess');
INSERT INTO COMERCIO(COMERCIO_ID, CATEGORIA_ID, COMERCIO_NOMBRE) VALUES (11, 3, 'Holiday Inn');
INSERT INTO COMERCIO(COMERCIO_ID, CATEGORIA_ID, COMERCIO_NOMBRE) VALUES (12, 3, 'Westing Camino Real');
INSERT INTO COMERCIO(COMERCIO_ID, CATEGORIA_ID, COMERCIO_NOMBRE) VALUES (13, 4, 'Pollo Campero');
INSERT INTO COMERCIO(COMERCIO_ID, CATEGORIA_ID, COMERCIO_NOMBRE) VALUES (14, 4, 'Pizza Hut');
INSERT INTO COMERCIO(COMERCIO_ID, CATEGORIA_ID, COMERCIO_NOMBRE) VALUES (15, 4, 'Burger King');
INSERT INTO COMERCIO(COMERCIO_ID, CATEGORIA_ID, COMERCIO_NOMBRE) VALUES (16, 4, 'KFC');
INSERT INTO COMERCIO(COMERCIO_ID, CATEGORIA_ID, COMERCIO_NOMBRE) VALUES (17, 4, 'McDonald''s');
INSERT INTO COMERCIO(COMERCIO_ID, CATEGORIA_ID, COMERCIO_NOMBRE) VALUES (18, 5, 'Shell');
INSERT INTO COMERCIO(COMERCIO_ID, CATEGORIA_ID, COMERCIO_NOMBRE) VALUES (19, 5, 'Texaco');
